artist,country,type,disambiguation,life_begin,life_end
Depeche Mode,GB,Group,,1980-03,
Jimi Hendrix,US,Person,,1942-11-27,1970-09-18
The Beatles,GB,Group,"UK rock band, “The Fab Four”",1960,1970-04-10
AC/DC,AU,Group,Australian hard rock band,1973-11,
Academy of St Martin in the Fields,GB,Orchestra,,1959,
A Flock of Seagulls,GB,Group,,1980,
Miles Davis,US,Person,"jazz trumpeter, bandleader, songwriter",1926-05-26,1991-09-28
Simon & Garfunkel,US,Group,,1963,1970
John Lennon,GB,Person,The Beatles,1940-10-09,1980-12-08
Aerosmith,US,Group,American hard rock band,1970,
Academy of Ancient Music,GB,Orchestra,,1973,
Aaron Copland,US,Person,composer,1900-11-14,1990-12-02
The Doors,US,Group,,1965-07,1973-01
Sam Cooke,US,Person,,1931-01-22,1964-12-11
Aimee Mann,US,Person,,1960-09-08,
The Jimi Hendrix Experience,GB,Group,,1966,1969-06
A Taste of Honey,US,Group,,1971,1982
The 5th Dimension,US,Group,1960’s group,1966,
Aída Cuevas,MX,Person,,1963-09-24,
21 Savage,US,Person,,1992-10-22,
Jane Ira Bloom,US,Person,,1955-01-12,
Academy of St Martin in the Fields Chorus,GB,Choir,,1975,
Miles Davis Quintet,US,Group,"US jazz group, active 1955–58 and 1964–68",1955,1968
Adele,GB,Person,UK soul/jazz singer,1988-05-05,
Al Franken,US,Person,comedian,1951-05-21,
Alison Krauss & Union Station,US,Group,,1987,
Alabama Shakes,US,Group,,2009,
Alanis Morissette,CA,Person,,1974-06-01,
Alexandre Desplat,FR,Person,French score composer,1961-08-23,
Alan Silvestri,US,Person,American score composer,1950-03-26,
Alicia de Larrocha,ES,Person,pianist,1923-05-23,2009-09-25
Al Jarreau,US,Person,,1940-03-12,2017-02-12
Amy Winehouse,GB,Person,,1983-09-14,2011-07-23
Alicia Keys,US,Person,,1981-01-25,
Alannah Myles,CA,Person,,1958-12-25,
Alessia Cara,CA,Person,,1996-07-11,
Alfred Newman,US,Person,,1901-03-17,1970-02-17
Al Hirt,US,Person,,1922-11-07,1999-04-27
Alejandro Sanz,ES,Person,,1968-12-18,
Al Green,US,Person,"US soul singer, songwriter, pastor and record producer",1946-04-13,
Amy Grant,US,Person,,1960-11-25,
Anat Cohen Tentet,,Group,,,
Alison Krauss,US,Person,,1971-07-23,
Anderson .Paak,US,Person,American rapper and producer,1986-02-08,
Alan Jackson,US,Person,US country singer/songwriter,1958-10-17,
The Amazing Rhythm Aces,US,Group,,1974,
America,US,Group,US folk/soft rock band,1970,
Altın Gün,NL,Group,Dutch‐Turkish psychedelic rock band,2016,
Alabama,,Group,"country band, aka “Wildcountry”",1969,
All‐4‐One,US,Group,,1993,
André Previn,US,Person,"pianist, conductor, composer, arranger",1929-04-06,2019-02-28
Andraé Crouch & the Disciples,,Group,,,
Aretha Franklin,US,Person,,1942-03-25,2018-08-16
Art Blakey & The Jazz Messengers,US,Group,,1954,1990
Andrew Lloyd Webber,GB,Person,English composer and impresario of musical theatre,1948-03-22,
Ani DiFranco,US,Person,,1970-09-23,
Ariana Grande,US,Person,,1993-06-26,
Aphex Twin,,Person,,1971-08-18,
Arrested Development,US,Group,,1988,
Anne Sofie von Otter,SE,Person,mezzo-soprano,1955-05-09,
Andrea Bocelli,IT,Person,tenor,1958-09-22,
Angelo Badalamenti,US,Person,American score composer,1937-03-22,2022-12-11
Angélique Kidjo,BJ,Person,,1960-07-14,
András Schiff,HU,Person,pianist,1953-12-21,
Andrés Segovia,ES,Person,guitarist,1893-02-21,1987-06-03
Annie Lennox,GB,Person,"Scottish singer-songwriter, member of Eurythmics and The Tourists",1954-12-25,
Andreas Vollenweider,CH,Person,,1953-10-04,
Arcade Fire,CA,Group,,2001,
The André Previn Trio,US,Group,,,
Andrew Bird,US,Person,"US indie rock multi-instrumentalist, singer, and songwriter",1973-07-11,
Andraé Crouch,US,Person,,1942-07-01,2015-01-08
Anne Murray,CA,Person,Canadian pop/country singer,1945-06-20,
Anita Kerr Singers,US,Group,mixed vocal group,1952,
Antoni Wit,PL,Person,conductor,1944-02-07,
Arif Mardin,US,Person,,1932-03-15,2006-06-25
Barbra Streisand,US,Person,,1942-04-24,
B.B. King,US,Person,,1925-09-16,2015-05-14
Barack Obama,US,Person,44th President of the United States,1961-08-04,
Asleep at the Wheel,US,Group,American western swing band,1969,
Art Tatum,US,Person,US jazz pianist,1909-10-13,1956-11-05
Arturo Toscanini,IT,Person,conductor,1867-03-25,1957-01-16
Aymée Nuviola,CU,Person,,1973-01-08,
BBC Symphony Orchestra,GB,Orchestra,,1930,
Barbara Mandrell,US,Person,,1948-12-25,
Arturo Sandoval,US,Person,"Cuban-American jazz trumpeter, pianist & composer",1949-11-06,
B.J. Thomas,US,Person,,1942-08-07,2021-05-29
Atlanta Symphony Orchestra,US,Orchestra,,1945,
Baha Men,BS,Group,,1977,
Audio Adrenaline,US,Group,,1991,2017
BJ the Chicago Kid,US,Person,,1984-11-23,
Baltimore Symphony Orchestra,US,Orchestra,,1916,
Ashley McBryde,,Person,,1983-07-29,
Aziz Ansari,US,Person,,1983-02-23,
Ashanti,US,Person,US R&B singer and musician,1980-10-13,
Babyface,US,Person,R&B musician Kenny Edmonds,1959-04-10,
Barbara Bailey Hutchison,,Person,Bedtime Lullabies from Johnson's,,
Bacilos,US,Group,,1995,
Bad Bunny,PR,Person,,1994-03-10,
Attacca Quartet,US,Group,,2003,
Audrey Hepburn,GB,Person,UK actress & singer,1929-05-04,1993-01-20
Bill Evans Trio,US,Group,,1959,1980-09-15
Bette Midler,US,Person,,1945-12-01,
Barry Manilow,US,Person,,1943-06-17,
Benjamin Britten,GB,Person,"English composer, conductor, and pianist",1913-11-22,1976-12-04
Bee Gees,GB,Group,,1958,2003
Beastie Boys,US,Group,,1979,2014
Basement Jaxx,GB,Group,,1994,
Beyoncé,US,Person,,1981-09-04,
Benny Benassi,IT,Person,"Italian DJ, producer & remixer",1967-07-13,
Beenie Man,JM,Person,Jamaican dancehall artist,1973-08-22,
Bill Frisell,US,Person,,1951-03-18,
Bessie Smith,US,Person,Tennessee blues singer,1894-04-15,1937-09-26
BeBe & CeCe Winans,US,Group,,1982,
Bill Evans,US,Person,pianist,1929-08-16,1980-09-15
Bebo Valdés,CU,Person,,1918-10-09,2013-03-22
Barry White,US,Person,,1944-09-12,2003-07-04
Benny Carter,US,Person,,1907-08-08,2003-07-12
Rufus Beck,DE,Person,,1957-07-23,
Bent Fabric,DK,Person,Danish pianist and composer,1924-12-07,2020-07-28
Beck,US,Person,"alt rock, multi‐instrumentalist Beck Hansen",1970-07-08,
Bill Clinton,US,Person,42nd President of the United States,1946-08-19,
Ben Harper,US,Person,"singer, Weissenborn guitar player, The Innocent Criminals",1969-10-28,
BeBe Winans,US,Person,"American gospel - soul singer, R&B producer and radio presenter",1962-09-17,
Barry De Vorzon,US,Person,,1934-07-31,
Betty Carter,US,Person,,1929-05-16,1998-09-26
Bob Dylan,US,Person,,1941-05-24,
Bob Wills and His Texas Playboys,US,Group,,1934,1965
Bill & Gloria Gaither and their Homecoming Friends,,Group,,,
Billie Holiday,US,Person,,1915-04-07,1959-07-17
Bing Crosby,US,Person,,1903-05-03,1977-10-14
Bob Seger & the Silver Bullet Band,US,Group,,1974,
Billie Eilish,US,Person,,2001-12-18,
Black Sabbath,GB,Group,English heavy metal band,1968-09,2025-07-05
"Blood, Sweat & Tears",US,Group,,1967,
Bobby Darin,US,Person,,1936-05-14,1973-12-20
Bobbie Gentry,US,Person,,1942-07-27,
Bob Mintzer Big Band,US,Group,,,
Bob Newhart,US,Person,,1929-09-05,2024-07-18
Billy Joel,US,Person,American singer-songwriter and pianist,1949-05-09,
Bobby Bare,US,Person,,1935-04-07,
Björk,IS,Person,,1965-11-21,
Bill Withers,US,Person,,1938-07-04,2020-03-30
Black Uhuru,JM,Group,,1972,
Blues Traveler,US,Group,,1987,
Billy Ocean,GB,Person,,1950-01-21,
Bobby McFerrin,US,Person,,1950-03-11,
Bob Moses,CA,Group,Canadian electronica duo of Tom Howie & Jimmy Vallance,,
Bob James And Earl Klugh,,,,,
Billy Preston,US,Person,,1946-09-02,2006-06-06
Blackstreet,US,Group,,1991,
The Branford Marsalis Quartet,US,Group,,,
Britney Spears,US,Person,,1981-12-02,
Bone Thugs‐n‐Harmony,US,Group,,1993,
Boz Scaggs,US,Person,,1944-06-08,
Bonnie Raitt,US,Person,,1949-11-08,
Boyz II Men,US,Group,,1988,
Brandi Carlile,US,Person,American country singer-songwriter,1981-06-01,
Bring Me the Horizon,GB,Group,,2004-03,
Branford Marsalis,US,Person,saxophonist,1960-08-26,
Bon Iver,US,Group,US indie folk band,2006,
Boston Symphony Orchestra,,Orchestra,,1881,
Brad Mehldau,US,Person,,1970-08-23,
Bright Eyes,US,Group,,1995,
Brooklyn Tabernacle Choir,US,Choir,,1971-09-11,
Brad Paisley,US,Person,,1972-10-28,
Brooks & Dunn,US,Group,,1988,
Boston Symphony Chamber Players,US,Group,,1964,
Bonobo,GB,Person,UK electro artist Simon Green,1976-03-30,
Brave Combo,US,Group,,1979,
Booker T. Jones,US,Person,,1944-11-12,
Brian Wilson,US,Person,Beach Boys co‐founder,1942-06-20,
Brad Mehldau Trio,US,Group,,,
Boris Karloff,GB,Person,,1887-11-23,1969-02-02
The Brecker Brothers,US,Group,,,
Brittany Howard,,Person,,1988-10-02,
Béla Fleck and the Flecktones,US,Group,,1989,
Bruce Springsteen,US,Person,,1949-09-23,
Caetano Veloso,BR,Person,,1942-08-07,
Burl Ives,US,Person,,1909-06-14,1995-04-14
Buju Banton,JM,Person,,1973-07-15,
Bryn Terfel,GB,Person,bass-baritone opera singer,1965-11-09,
Cal Tjader,US,Person,,1925-07-16,1982-05-05
Burt Bacharach,US,Person,,1928-05-12,2023-02-08
Carole King,US,Person,,1942-02-09,
Captain & Tennille,US,Group,,1974,2013
Bruce Hornsby & the Range,US,Group,,1984,1991
Carly Simon,US,Person,,1943-06-25,
Burning Spear,JM,Person,,1945-03-01,
Bunny Wailer,JM,Person,,1947-04-10,2021-03-02
Béla Fleck,US,Person,,1958-07-10,
The Cannonball Adderley Quintet,US,Group,,,
Buddy Guy,US,Person,,1936-07-30,
Buckwheat Zydeco,US,Person,,1947-11-14,2016-09-24
Carolina Chocolate Drops,US,Group,,2005-04,
Bunny Berigan,US,Person,,1908-11-02,1942-06-02
Bruno Mars,US,Person,US singer,1985-10-08,
Carlos Vives,CO,Person,,1961-08-07,
Cage the Elephant,US,Group,,2006,
Carlos Santana,US,Person,,1947-07-20,
Cardi B,US,Person,American rapper,1992-10-11,
Cesária Évora,CV,Person,,1941-08-27,2011-12-17
Cathy Fink and Marcy Marxer,US,Group,folk music duo,1983,
Céline Dion,CA,Person,,1968-03-30,
Chet Atkins,US,Person,,1924-06-20,2001-06-30
Charlie Parker,US,Person,"a.k.a. “Bird”, jazz alto saxophonist",1920-08-29,1955-03-12
Carpenters,US,Group,,1968,1983
Charley Pride,US,Person,,1934-03-18,2020-12-12
Caspar Babypants,,Person,,,
Chaka Khan,US,Person,,1953-03-23,
Celia Cruz,CU,Person,,1925-10-21,2003-07-16
Casting Crowns,US,Group,CCM band,1999,
Carrie Underwood,US,Person,,1983-03-10,
Charlie Haden,US,Person,American jazz bassist,1937-08-06,2014-07-11
Cher,US,Person,,1946-05-20,
CeCe Winans,US,Person,,1964-10-08,
Charley Patton,US,Person,American Delta blues musician,1891-05-01,1934-04-28
Charlie Rich,US,Person,US country singer,1932-12-14,1995-07-24
Charles Ives,US,Person,composer,1874-10-20,1954-05-19
Cheech & Chong,US,Group,comedy duo of Cheech Marin & Tommy Chong,1970,1986
Chicago,US,Group,American pop rock/jazz fusion band,1967,
Cassandra Wilson,US,Person,,1955-12-04,
Chance the Rapper,US,Person,"US rapper, singer, songwriter, and producer",1993-04-16,
Che Apalache,AR,Group,,2013,
Charlie Parker Quintet,US,Group,,,
Charlie McCoy,US,Person,"white blues harmonica player, 1960s-present",1941-03-28,
Chick Corea Akoustic Band,,Group,,,
Chick Corea Trio,,Group,,,
Chucho Valdés & The Afro‐Cuban Messengers,,Group,,2010,
Christian McBride’s New Jawn,,Group,,,
Chick Corea,US,Person,jazz pianist,1941-06-12,2021-02-09
Chubby Checker,,Person,,1941-10-03,
Christina Aguilera,US,Person,,1980-12-18,
Christone “Kingfish” Ingram,,Person,,1999-01-19,
Christian McBride Big Band,US,Group,,,
Childish Gambino,US,Person,,1983-09-25,
Chicago Symphony Orchestra,US,Orchestra,,1891,
Chubby Carrier and The Bayou Swamp Band,,Group,,1989,
Chucho Valdés,CU,Person,Cuban pianist and composer,1941-10-09,
Christoph Eschenbach,DE,Person,pianist and conductor,1940-02-20,
Chris Tomlin,US,Person,,1972-05-04,
Chris Botti,US,Person,,1962-10-12,
Christopher Cross,US,Person,US singer‐songwriter,1951-05-03,
Chris Brown,US,Person,US R&B/pop singer and dancer,1989-05-05,
Chris Cornell,US,Person,Soundgarden lead singer,1964-07-20,2017-05-17
Christian McBride,US,Person,American jazz bassist,1972-05-31,
Chris Stapleton,US,Person,American singer‐songwriter,1978-04-15,
Chick Corea Elektric Band,US,Group,,,
Christopher Rouse,US,Person,composer,1949-02-15,2019-09-21
Chick Corea Quartet,,Group,,,
Chris Rock,US,Person,actor / comedian,1965-02-07,
Cyndi Lauper,US,Person,,1953-06-22,
Count Basie,US,Person,pianist,1904-08-21,1984-04-26
"Crosby, Stills & Nash",US,Group,,1968,2016-03-06
Chuck Berry,US,Person,,1926-10-18,2017-03-18
Clarence “Gatemouth” Brown,US,Person,,1924-04-18,2005-09-10
Coldplay,GB,Group,,1996-09,
Coleman Hawkins,US,Person,,1904-11-21,1969-05-19
Curtis Mayfield,US,Person,,1942-06-03,1999-12-26
The Count Basie Orchestra,US,Group,,1935,
Corinne Bailey Rae,GB,Person,,1979-02-26,
Clifton Chenier and his Red Hot Louisiana Band,US,Group,fronted by Clifton Chenier until his death in 1987,,1987
Clannad,IE,Group,,1970,
Crystal Gayle,US,Person,,1951-01-09,
Cleo Laine,GB,Person,,1927-10-28,
Concerto Köln,,Orchestra,,1985,
Commodores,US,Group,US funk/soul band with Lionel Richie,1968,
Culture Club,GB,Group,English pop group,1981,
Chuck Mangione,US,Person,,1940-11-29,
Conway Twitty & Loretta Lynn,,Group,,,
Clifford Brown,US,Person,trumpet,1930-10-30,1956-06-26
Coolio,US,Person,"US rapper, actor, chef & record producer",1963-08-01,2022-09-28
Clarence Carter,US,Person,,1936-01-14,
Columbia Symphony Orchestra,US,Orchestra,,,
Cissy Houston,US,Person,,1933-09-30,2024-10-07
Cincinnati Symphony Orchestra,US,Orchestra,,1895,
Dave Matthews Band,US,Group,,1991,
David Bowie,,Person,English singer‐songwriter,1947-01-08,2016-01-10
Cécile McLorin Salvant,FR,Person,,1989-08-28,
Daft Punk,FR,Group,French electronic duo,1993,2021-02-22
DJ Jazzy Jeff & the Fresh Prince,US,Group,American hip hop duo,1985,1994
Damian “Jr. Gong” Marley,JM,Person,,1978-07-21,
Dave Grusin,US,Person,American pianist and score composer,1934-06-26,
David Arkenstone,US,Person,,1952-07-01,
David Arnold,GB,Person,English score composer,1962-01-23,
Darius Rucker,US,Person,,1966-05-13,
Dave Matthews,US,Person,of Dave Matthews Band,1967-01-09,
DaBaby,US,Person,US rapper Jonathan Lyndale Kirk,1991-12-22,
Dan + Shay,US,Group,,2012-12,
Dan Zanes and Friends,US,Group,,,
Dafnis Prieto Big Band,,Group,,,
Danny Gokey,US,Person,,1980-04-24,
David Crosby,US,Person,,1941-08-14,2023-01-18
Danger Mouse,US,Person,Brian Burton,1977-07-29,
David Gray,GB,Person,British singer/songwriter,1968-06-13,
Dave Alvin,US,Person,"singer-songwriter, guitarist",1955-11-11,
Dave Chappelle,US,Person,,1973-08-24,
David Houston,US,Person,Country artist,1935-12-09,1993-11-30
David Darling,US,Person,cellist,1941-03-04,2021-01-08
Dan Auerbach,US,Person,,1979-05-14,
Daniel Tashian,US,Person,,1974,
Dire Straits,GB,Group,,1977,1995
Dolly Parton,US,Person,,1946-01-19,
Dionne Warwick,US,Person,,1940-12-12,
Dizzy Gillespie,US,Person,,1917-10-21,1993-01-06
Dinah Washington,US,Person,,1924-08-29,1963-12-14
Delbert McClinton,US,Person,,1940-11-04,
Diana Krall,CA,Person,,1964-11-16,
Deva Premal,DE,Person,,1970-04-02,
Dee Dee Bridgewater,US,Person,,1950-05-27,
Derek and the Dominos,US,Group,,1970,1971
Deniece Williams,US,Person,US soul/funk vocalist/songwriter,1951-06-03,
Dexter Gordon,US,Person,,1923-02-27,1990-04-25
Digable Planets,,Group,,1992,2011
Diane Schuur,US,Person,,1953-12-10,
Doc Watson,US,Person,"US guitarist, singer & songwriter",1923-03-03,2012-05-29
Deftones,US,Group,,1988,
Dianne Reeves,US,Person,,1956-10-23,
David Munrow,GB,Person,UK early music historian & musician,1942-08-12,1976-05-15
Deep Forest,FR,Group,"French group, world music/ethnic electronica",1992,
Dido,GB,Person,English singer‐songwriter,1971-12-25,
Debby Boone,US,Person,,1956-09-22,
Detroit Symphony Orchestra,,Orchestra,,1914,
David Sanborn,US,Person,,1945-07-30,2024-05-12
Dennis Russell Davies,US,Person,conductor and pianist,1944-04-16,
Dazz Band,US,Group,,,
Duke Ellington,US,Person,"US composer, pianist & jazz bandleader",1899-04-29,1974-05-24
Dua Lipa,GB,Person,,1995-08-22,
"Earth, Wind & Fire",US,Group,,1969,
Duran Duran,GB,Group,English rock band,1978,
Ed Sheeran,GB,Person,UK singer‐songwriter,1991-02-17,
Doyle Lawson & Quicksilver,US,Group,,1979-04,
Dwight Yoakam,US,Person,,1956-10-23,
Donna Summer,US,Person,soul/disco diva,1948-12-31,2012-05-17
Dr. John and the Lower 911,US,Group,,,
Domenico Modugno,IT,Person,,1928-01-09,1994-08-06
Duke Ellington and His Orchestra,US,Orchestra,,1927,1938
Donald Fagen,US,Person,,1948-01-10,
Eagles,US,Group,US country rock band,1971,
Dr. Dre,US,Person,"Andre Young, rap producer",1965-02-18,
Donna Fargo,US,Person,,1945-11-10,
Dottie West,US,Person,,1932-10-11,1991-09-04
Duran Duran Duran,US,Person,"Breakcore artist, not to be confused with Duran Duran",,
Dorothea Röschmann,DE,Person,soprano,1967-06-17,
Donnie McClurkin,US,Person,,1959-11-09,
Don Henley,US,Person,,1947-07-22,
Dr. John,US,Person,"New Orleans blues pianist, singer and songwriter",1941-11-21,2019-06-06
Eartha Kitt,US,Person,,1927-01-17,2008-12-25
Dominick Argento,US,Person,,1927-10-27,2019-02-20
Drake,CA,Person,Canadian rapper,1986-10-24,
Draco Rosa,US,Person,Robert Edward Rosa Suárez aka Robi Draco Rosa,1970-06-27,
Ennio Morricone,IT,Person,Italian classical and score composer,1928-11-10,2020-07-06
Elvis Presley,US,Person,“The King of Rock and Roll”,1935-01-08,1977-08-16
Ella Fitzgerald,US,Person,American jazz singer,1917-04-25,1996-06-15
Édith Piaf,FR,Person,,1915-12-19,1963-10-11
Eric Clapton,GB,Person,,1945-03-30,
Elton John,GB,Person,"English singer, songwriter, pianist, and composer",1947-03-25,
Emmylou Harris,US,Person,,1947-04-02,
Eminem,US,Person,US rapper,1972-10-17,
English Chamber Orchestra,GB,Orchestra,,1960,
Elvis Costello & The Imposters,GB,Group,,,
Enrique Iglesias,ES,Person,Spanish pop singer,1975-05-08,
Enya,IE,Person,Irish singer-songwriter,1961-05-17,
Eliane Elias,BR,Person,,1960-03-19,
Eddie Palmieri,US,Person,,1936-12-15,
Edwin Hawkins Singers,US,Group,,,
Emilio Solla Tango Jazz Orchestra,,Group,,,
Elvis Crespo,PR,Person,,1971-07-30,
Emilio Navaira,US,Person,"Emilio Navaira III, tejano and country singer from Texas, USA",1962-08-23,2016-05-16
Emanuel Ax,US,Person,pianist,1949-06-08,
Emerson String Quartet,US,Group,,1976,2023-10-22
Edward R. Murrow,US,Person,American broadcast journalist,1908-04-25,1965-04-27
Elizabeth Cotten,US,Person,,1893-01-05,1987-06-29
Ella Mai,GB,Person,London based R&B Singer,1994-11-03,
Eric Church,US,Person,,1977-05-03,
Elliott Carter,US,Person,classical composer,1908-12-11,2012-11-05
Foo Fighters,US,Group,,1994,
Fleetwood Mac,GB,Group,,1967-07,
Erroll Garner,US,Person,,1921-06-15,1977-01-07
Eydie Gormé,US,Person,,1928-08-16,2013-08-10
Eumir Deodato,BR,Person,,1943-06-22,
Erykah Badu,US,Person,,1971-02-26,
Fats Waller,US,Person,,1904-05-21,1943-12-15
Etta James,US,Person,,1938-01-25,2012-01-20
Erich Leinsdorf,AT,Person,conductor,1912-02-04,1993-09-11
Evanescence,US,Group,,1995,
FKA twigs,,Person,British electro-pop artist,1988-01-16,
Flight of the Conchords,NZ,Group,,1998,
Esperanza Spalding,US,Person,,1984-10-18,
Father John Misty,US,Person,,1981-05-03,
Fiona Apple,US,Person,,1977-09-13,
Francesca Battistelli,US,Person,,1985-05-18,
Flaco Jiménez,US,Person,,1939-03-11,
Fantastic Negrito,,Person,,1968-01-20,
Flor de Toloache,US,Group,all‐woman mariachi band from NYC,2008,
Faith Hill,US,Person,country pop singer,1967-09-21,
Fats Waller and His Rhythm,US,Group,,,
for KING & COUNTRY,US,Group,Christian Pop Duo,2007,
Ernest Gold,US,Person,,1921-07-13,1999-03-17
Flume,AU,Person,Australian DJ and producer,1991-11-05,
Erroll Garner Trio,,Group,,,
Frank Sinatra,US,Person,"American singer and actor, “Ol’ Blue Eyes”",1915-12-12,1998-05-14
Frank Zappa,US,Person,"US musician, composer, activist & filmmaker",1940-12-21,1993-12-04
Garrison Keillor,US,Person,,1942-08-07,
Freddie Hubbard,US,Person,,1938-04-07,2008-12-29
Gabriel Yared,FR,Person,Lebanese‐French score composer,1949-10-07,
Genesis,GB,Group,English rock band,1967,2022-03-26
George Jones,US,Person,US country music vocalist,1931-09-12,2013-04-26
Georgia Anne Muldrow,US,Person,US jazz musician,1983,
Garth Brooks,US,Person,,1962-02-07,
Sir Georg Solti,HU,Person,conductor,1912-10-21,1997-09-05
Freddy Fender,US,Person,,1937-06-04,2006-10-14
George Strait,US,Person,,1952-05-18,
Gaither Vocal Band,US,Group,,1980,
George Benson,US,Person,jazz guitarist/singer,1943-03-22,
George Harrison,GB,Person,The Beatles,1943-02-24,2001-11-29
Garrick Ohlsson,US,Person,pianist,1948-04-03,
Frank Solivan & Dirty Kitchen,US,Group,,,
Fugees,US,Group,,1992,
Frederick Fennell,US,Person,conductor,1914-07-02,2004-12-07
George Carlin,US,Person,,1937-05-12,2008-06-22
Gale Garnett,CA,Person,"New Zealand area-born singer, writer & actress",1942-07-17,
Gary Burton,US,Person,jazz vibraphonist and composer,1943-01-23,
George Crumb,US,Person,American composer,1929-10-24,2022-02-06
George Michael,GB,Person,,1963-06-25,2016-12-25
Gary Clark Jr.,US,Person,American musician,1984-02-15,
Gladys Knight & the Pips,US,Group,,1953,1989
Gladys Knight and the Saints Unified Voices,US,Group,,2002,
Gloria Estefan,US,Person,,1957-09-01,
Gloria Gaynor,US,Person,,1943-09-07,
Gilberto Gil,BR,Person,,1942-06-26,
Gnarls Barkley,US,Group,,2006,
Gerry Mulligan,US,Person,,1927-04-06,1996-01-20
"Grover Washington, Jr.",US,Person,,1943-12-12,1999-12-17
Glen Campbell,US,Person,"US country singer, guitarist & actor",1936-04-22,2017-08-08
Glenn Gould,CA,Person,pianist,1932-09-25,1982-10-04
Green Day,US,Group,,1989,
Gilberto Santa Rosa,PR,Person,,1962-08-21,
Gipsy Kings,FR,Group,,1978,
Gregory Alan Isakov,,Person,,1979-10-19,
Greta Van Fleet,US,Group,,2012,
Gerald Levert,US,Person,,1966-07-13,2006-11-10
Gladys Knight,US,Person,,1944-05-28,
Gerry Mulligan Quartet,US,Group,,,
Gregory Porter,US,Person,,1971-11-04,
Gotye,AU,Person,,1980-05-21,
Gilda Radner,US,Person,actress / comedian,1946-06-28,1989-05-20
Grupo Manía,PR,Group,,1993,
Gretchen Wilson,US,Person,,1973-06-26,
Grupo Fantasma,,Group,"latin funk orchestra from Austin, Texas",2000,
Gunther Schuller,US,Person,"horn player, conductor, composer",1925-11-22,2015-06-21
Herb Alpert & the Tijuana Brass,US,Group,,1963,1971
Hans Zimmer,US,Person,German score composer,1957-09-12,
Harry Belafonte,US,Person,,1927-03-01,2023-04-25
Herbie Hancock,US,Person,"US jazz pianist, keyboardist, bandleader and composer",1940-04-12,
Henry Mancini,US,Person,"US composer, conductor & arranger",1924-04-16,1994-06-14
Huey Lewis and the News,US,Group,American pop rock band,1978,
Hillsong Worship,AU,Group,a/k/a Hillsong or Hillsong Live,1983,
"Harry Connick, Jr.",US,Person,,1967-09-11,
Hootie & the Blowfish,US,Group,,1989,
Hoagy Carmichael,US,Person,,1899-11-22,1981-12-27
Hildur Guðnadóttir,IS,Person,Icelandic musician and score composer,1982-09-04,
Howard Shore,CA,Person,Canadian score composer,1946-10-18,
Herb Alpert,US,Person,,1935-03-31,
Hank Williams,US,Person,country music legend,1923-09-17,1953-01-01
Harry Nilsson,US,Person,US singer-songwriter,1941-06-15,1994-01-15
Homer & Jethro,US,Group,,1936,1971
Hargus “Pig” Robbins,US,Person,,1938-01-18,2022-01-30
Helen Reddy,AU,Person,,1941-10-25,2020-09-29
Hannu Lintu,FI,Person,conductor,1967-10-13,
Halestorm,US,Group,,1998,
Henry Rollins,US,Person,,1961-02-13,
Hollywood Bowl Orchestra,US,Orchestra,,1990-10-17,
High on Fire,US,Group,,1998,
"Hank Williams, Jr.",US,Person,,1949-05-26,
Heather Headley,US,Person,,1974-10-05,
Israel & New Breed,,Group,,,
Ike & Tina Turner,,Group,US rock & soul duo,1960,1976
Iron Maiden,GB,Group,English heavy metal band,1975-12-25,
Il Giardino Armonico,IT,Group,Italian baroque ensemble,1985,
Imagine Dragons,US,Group,American pop rock band,2008,
Itzhak Perlman,US,Person,violinist and conductor,1945-08-31,
Imogen Heap,GB,Person,,1977-12-09,
James Brown,US,Person,The Godfather of Soul,1933-05-03,2006-12-25
The Isley Brothers,US,Group,,1954,
Isaac Hayes,US,Person,,1942-08-20,2008-08-10
Inner Circle,JM,Group,reggae band,1968,
Indigo Girls,US,Group,,1985,
Ian Bostridge,GB,Person,tenor,1964-12-25,
Irene Cara,US,Person,,1959-03-18,2022-11-25
J.S. Ondara,US,Person,,,
Ibrahim Ferrer,CU,Person,Cuban singer,1927-02-20,2005-08-06
Jack DeJohnette,US,Person,,1942-08-09,
India.Arie,US,Person,,1975-10-03,
Irma Thomas,US,Person,,1941-02-18,
Irakere,CU,Group,,1973,
Intocable,US,Group,,,
Jack White,US,Person,"rock & blues multi‐instrumentalist, The White Stripes, Third Man Records",1975-07-09,
I Prevail,US,Group,,2013,
International Contemporary Ensemble,US,Group,,2001,
Israel Houghton,US,Person,,1971-05-19,
Jason Isbell and the 400 Unit,US,Group,,2009,
Jamiroquai,GB,Group,,1992,
Jars of Clay,US,Group,,1993-09,
Janet Jackson,US,Person,,1966-05-16,
Jason Mraz,US,Person,,1977-06-23,
JAY‐Z,US,Person,US rapper,1969-12-04,
James Galway,GB,Person,flautist,1939-12-08,
János Starker,US,Person,Hungarian-American cellist,1924-07-05,2013-04-28
James Taylor,US,Person,singer-songwriter and guitarist,1948-03-12,
Janis Ian,US,Person,,1951-04-07,
Jason Isbell,US,Person,,1979-02-01,
James Moody,US,Person,jazz saxophonist,1925-03-26,2010-12-09
Jan Hammer,US,Person,,1948-04-17,
Jason Vieaux,US,Person,,1973-07-17,
James Cotton,US,Person,"US blues harmonica player, singer & songwriter",1935-07-01,2017-03-16
Jason Crabb,US,Person,CCM/Southern gospel music artist,1977-03-03,
James Ingram,US,Person,R&B singer,1952-02-16,2019-01-29
Jan Kraybill,US,Person,,,
Rev. James Cleveland,US,Person,,1931-12-05,1991-02-09
The James Taylor Quartet,GB,Group,,1985,
James Mallinson,GB,Person,producer,1943,2018-08-24
James Whitmore,US,Person,,1921-10-01,2009-02-06
James Taylor,,Person,production music composer,,
Jan Hammer Group,,Group,,,
James Ingram,,,unknown ft. w/ Markus Enochson,,
Jethro Tull,GB,Group,,1967-12,
Joan Sebastian,MX,Person,,1951-04-08,2015-07-13
Jelly Roll Morton,US,Person,,1885-10-20,1941-07-10
Jimmy Page & Robert Plant,GB,Group,,1994,1998
Jeannie C. Riley,US,Person,,1945-10-19,
JoAnn Falletta,US,Person,,1954-02-27,
Jeff Lorber Fusion,US,Group,,1976,1984
Jimmy Cliff,JM,Person,,1944-07-30,
Jim Dale,GB,Person,,1935-08-15,
Jeannie Seely,US,Person,country singer,1940-07-06,
Jeff Beck,GB,Person,English rock guitarist,1944-06-24,2023-01-10
Jessie Reyez,CA,Person,Columbian‐Canadian singer‐songwriter,1991-06-12,
Jimmy Gonzalez y el Grupo Mazz,,Group,,,
Jerry Reed,US,Person,,1937-03-20,2008-09-01
Jo-El Sonnier,US,Person,,1946-10-02,2024-01-13
Jim Lauderdale,US,Person,,1957-04-11,
Jim Gaffigan,US,Person,,1966-07-07,
Jimmy Sturr,US,Person,,1941-09-25,
Jimmie Vaughan,US,Person,,1951-03-20,
Jazzmeia Horn,US,Person,US jazz singer and songwriter,1991-04-21,
Jelly Roll Morton’s Red Hot Peppers,US,Group,,,
Jill Scott,US,Person,,1972-04-04,
Jennifer Gasoi,CA,Person,,,
Jennifer Holliday,US,Person,,1960-10-19,
Jennifer Hudson,US,Person,,1981-09-12,
John Lee Hooker,US,Person,"US blues singer, songwriter & guitarist",1917-08-22,2001-06-21
John Coltrane,US,Person,,1926-09-23,1967-07-17
John Denver,US,Person,,1943-12-31,1997-10-12
Jody Watley,US,Person,,1959-01-30,
John Barry,GB,Person,English score composer,1933-11-03,2011-01-30
John Fogerty,US,Person,,1945-05-28,
John Prine,US,Person,,1946-10-10,2020-04-07
Joey DeFrancesco,US,Person,,1971-04-10,2022-08-25
John Hartford,US,Person,,1937-12-30,2001-06-04
John Mayer,US,Person,US singer‐songwriter,1977-10-16,
Joe Jackson,,Person,English musician,1954-08-11,
Joe Lovano,US,Person,American jazz artist,1952-12-29,
John D. Loudermilk,US,Person,,1934-03-31,2016-09-21
John Legend,US,Person,,1978-12-28,
Joe Zawinul,AT,Person,jazz and fusion keyboard player,1932-07-07,2007-09-11
John McLaughlin,US,Person,guitarist,1942-01-04,
John Corigliano,US,Person,composer,1938-02-16,
John Addison,GB,Person,British composer,1920-03-16,1998-12-07
Joe Henderson,US,Person,US jazz tenor saxophonist,1937-04-24,2001-06-30
Joe Harnell,US,Person,,1924-08-02,2005-07-14
Antônio Carlos Jobim,BR,Person,,1927-01-25,1994-12-08
John Luther Adams,US,Person,US composer,1953-01-23,
Joe Williams,US,Person,US jazz vocalist,1918-12-12,1999-03-29
John Michael Montgomery,US,Person,,1965-01-20,
John Adams,US,Person,American minimalist composer,1947-02-15,
Juan Luis Guerra 4.40,DO,Group,,1984,
José Feliciano,US,Person,"born 1945, not Cheo Feliciano",1945-09-10,
Johnny Cash & June Carter Cash,,Group,,,
Johnny Cash,US,Person,country music legend,1932-02-26,2003-09-12
Judas Priest,GB,Group,,1969,
Judy Garland,US,Person,,1922-06-10,1969-06-22
Joni Mitchell,CA,Person,,1943-11-07,
John Williams,US,Person,American score composer,1932-02-08,
João Gilberto,BR,Person,"Brazilian bossa nova guitarist, singer, and composer",1931-06-10,2019-07-06
Johnny Horton,US,Person,,1925-04-30,1960-11-05
Julian Bream,GB,Person,British classical guitarist and lutenist,1933-07-15,2020-08-14
Judy Collins,US,Person,,1939-05-01,
Jon Secada,US,Person,,1961-10-04,
Johnny Winter,US,Person,American blues/rock musician,1944-02-23,2014-07-16
John Scofield,US,Person,US guitarist/composer,1951-12-26,
John Tavener,GB,Person,20th century composer,1944-01-28,2013-11-12
Juice Newton,US,Person,"American pop and country singer, songwriter, and musician",1952-02-18,
Joyce DiDonato,US,Person,mezzo-soprano,1969-02-13,
Juanes,CO,Person,Colombian singer,1972-08-09,
Julian Lage,US,Person,US guitarist,1987-12-25,
Jorja Smith,GB,Person,,1997-06-11,
Jonny Lang,US,Person,"American blues, gospel, and rock singer, songwriter, guitarist",1981-01-29,
Jonas Brothers,US,Group,,2005,
Jontavious Willis,US,Person,,1995,
Joss Favela,MX,Person,,1990-12-10,
Kacey Musgraves,US,Person,,1988-08-21,
Killswitch Engage,US,Group,,1999,
Justin Timberlake,US,Person,,1981-01-31,
Julio Iglesias,ES,Person,,1943-09-23,
Kendrick Lamar,US,Person,US rapper,1987-06-17,
Kenny Rogers,US,Person,"US country singer, songwriter, actor, record producer & entrepreneur",1938-08-21,2020-03-20
Kenny Loggins,US,Person,,1948-01-07,
Kelly Clarkson,US,Person,,1982-04-24,
Keb’ Mo’,US,Person,,1951-10-03,
K.T. Oslin,US,Person,,1942-05-15,2020-12-21
Julieta Venegas,MX,Person,,1970-11-24,
June Carter Cash,US,Person,American Country singer and songwriter,1929-06-23,2003-05-15
Kim Carnes,US,Person,,1945-07-20,
Kathy Mattea,US,Person,country and bluegrass singer,1959-06-21,
Kings of Leon,US,Group,,1999,
Kenny G,US,Person,saxophonist,1956-06-05,
Keith Urban,AU,Person,,1967-10-26,
Justin Hurwitz,US,Person,American score composer,1985-01-22,
Kim Kashkashian,US,Person,violist,1952-08-31,
Kirk Franklin,US,Person,,1970-01-26,
King Curtis,US,Person,saxophonist,1934-02-07,1971-08-13
Karim Sulayman,,Person,tenor,,
Justice,FR,Group,"French electro house, Gaspard Augé & Xavier de Rosnay",2003,
Kevin Abstract,US,Person,"rapper, singer‐songwriter, director, Brockhampton",1996-12-26,
Khalid,US,Person,American R&B singer‐songwriter,1998-02-11,
Kylie Minogue,AU,Person,,1968-05-28,
Ladysmith Black Mambazo,,Choir,,1964,
Lana Del Rey,US,Person,,1985-06-21,
Lalo Schifrin,AR,Person,pianist & composer,1932-06-21,
Lady Gaga,US,Person,,1986-03-28,
LL Cool J,US,Person,,1968-01-14,
Krzysztof Penderecki,PL,Person,Polish composer,1933-11-23,2020-03-29
Laura Pausini,IT,Person,,1974-05-16,
Kraftwerk,DE,Group,,1970,
LCD Soundsystem,US,Group,,2001,
Laurindo Almeida,BR,Person,,1917-09-02,1995-07-26
Lalah Hathaway,US,Person,,1968-12-16,
"Lambert, Hendricks & Ross",US,Group,US vocal jazz trio,1957,1964
La Quinta Estación,ES,Group,,2000,
Korn,US,Group,US nu metal band,1993,
Kronos Quartet,US,Group,,1973,
Kurt Elling,US,Person,jazz singer,1967-11-02,
Kris Bowers,US,Person,,1989-04-05,
Larkin Poe,US,Group,formerly known as Lovell Sisters,2009-11-01,
La Energía Norteña,,Group,,2010,
Larnelle Harris,US,Person,,1947-07-06,
Larry Carlton,US,Person,,1948-03-02,
Lauren Daigle,US,Person,,1991-09-09,
La Roux,GB,Group,English synth‐pop,2006,
Lani Hall,US,Person,,1944-11-01,
Led Zeppelin,GB,Group,,1968,1980-09-25
Linkin Park,US,Group,American rock band,1996,
LeAnn Rimes,US,Person,US country & pop singer,1982-08-28,
Leonard Bernstein,US,Person,,1918-08-25,1990-10-14
Lenny Kravitz,US,Person,,1964-05-26,
Lee “Scratch” Perry,JM,Person,,1936-03-20,2021-08-29
Linda Ronstadt,US,Person,,1946-07-15,
Lena Horne,US,Person,,1917-06-30,2010-05-09
Leo Sayer,GB,Person,,1948-05-21,
Leonard Cohen,CA,Person,Canadian singer‐songwriter and poet,1934-09-21,2016-11-07
Lionel Richie,US,Person,,1949-06-20,
Leonard Slatkin,US,Person,conductor,1944-09-01,
Lester Young,US,Person,saxophonist,1909-08-27,1959-03-15
Lil Wayne,US,Person,,1982-09-27,
Lila Downs,MX,Person,,1968-09-19,
Lee Ann Womack,US,Person,,1966-08-19,
Lauryn Hill,US,Person,,1975-05-26,
Levon Helm,US,Person,,1940-05-26,2012-04-19
Lisa Loeb,US,Person,,1968-03-11,
Lil Nas X,US,Person,American rapper and singer,1999-04-09,
LeVar Burton,US,Person,"US actor, presenter, director & author",1957-02-16,
Lewis Capaldi,GB,Person,,1996-10-17,
Lee Greenwood,US,Person,,1942-10-27,
Lecrae,US,Person,US rapper,1979-10-09,
Lily Tomlin,US,Person,,1939-09-01,
London Philharmonic Orchestra,GB,Orchestra,LPO,1932,
Louis Armstrong,US,Person,,1901-08-04,1971-07-06
Los Tigres del Norte,US,Group,,1968,
Loudon Wainwright III,US,Person,,1946-09-05,
London Philharmonic Orchestra,GB,Orchestra,Alfred Scholz pseudonym,,
London Symphony Orchestra,GB,Orchestra,,1904,
Los Fabulosos Cadillacs,AR,Group,,1985-01-19,
Lorin Maazel,US,Person,conductor,1930-03-06,2014-07-13
Lou Rawls,US,Person,,1933-12-01,2006-01-06
Lou Reed,US,Person,,1942-03-02,2013-10-27
Loretta Lynn,US,Person,,1932-04-14,2022-10-04
Little Joe y la Familia,US,Group,"Tejano band, fka Little Joe & the Latinaires",1959,
Los Lobos,US,Group,Chicano rock band,1973,
Living Colour,US,Group,,1983,
Lucinda Williams,US,Person,,1953-01-26,
Ludwig Göransson,SE,Person,Swedish score composer,1984-09-01,
Los Angeles Philharmonic,,Orchestra,,1919,
Lorraine Hunt Lieberson,US,Person,American soprano / mezzo,1954-03-01,2006-07-03
Ludacris,US,Person,US rapper & actor,1977-09-11,
Lost Bayou Ramblers,US,Group,,1999,
Little Walter,US,Person,blues performer and songwriter,1930-05-01,1968-02-15
Little Big Town,US,Group,,1998,
Los Lonely Boys,US,Group,American chicano rock power trio,2001,
Lorde,NZ,Person,New Zealand singer‐songwriter,1996-11-07,
Lizzo,US,Person,"American rapper, singer and actress",1988-04-27,
Mariachi Los Camperos de Nati Cano,US,Group,,,
Luther Vandross,US,Person,,1951-04-20,2005-07-01
Mariah Carey,US,Person,,1969-03-27,
Mahalia Jackson,US,Person,,1911-10-26,1972-01-27
Madonna,US,Person,“Queen of Pop”,1958-08-16,
The Mamas & the Papas,US,Group,American folk rock vocal group,1965,1972
Maria Schneider Orchestra,US,Group,,,
Marc Shaiman,US,Person,American score composer and lyricist,1959-10-22,
Lyle Lovett,US,Person,,1957-11-01,
Lynn Anderson,US,Person,US country singer,1947-09-26,2015-07-30
Macy Gray,US,Person,American singer and actor,1967-09-06,
The Manhattan Transfer,US,Group,,1969,2023-12
Luis Fonsi,PR,Person,,1978-04-15,
Macklemore & Ryan Lewis,US,Group,,2009,
MFSB,US,Group,,,
MGMT,US,Group,US pop rock group,2002-12,
Lupillo Rivera,MX,Person,,1972-01-30,
Marc Cohn,US,Person,,1959-07-05,
MC Hammer,US,Person,,1962-03-30,
Mamadou Diabaté,ML,Person,,1975,
Mahler Chamber Orchestra,,Orchestra,,1997,
Luis Miguel,MX,Person,,1970-04-19,
Maren Morris,US,Person,,1990-04-10,
Mariachi Los Camperos,,Group,,,
Maluma,CO,Person,"Juan Luis Londoño Arias, Colombian reggaeton/pop singer",1994-01-28,
Marvin Gaye,US,Person,,1939-04-02,1984-04-01
Mel Tormé,US,Person,“The Velvet Fog”,1925-09-13,1999-06-05
Meat Loaf,US,Person,,1947-09-27,2022-01-20
Mary J. Blige,US,Person,,1971-01-11,
Maurice Jarre,FR,Person,,1924-09-13,2009-03-29
Marty Robbins,US,Person,,1925-09-26,1982-12-08
Maroon 5,US,Group,American band,2002,
Mary Chapin Carpenter,US,Person,,1958-02-21,
Marvin Hamlisch,US,Person,,1944-06-02,2012-08-06
Meghan Trainor,US,Person,American singer,1993-12-22,
Megadeth,US,Group,,1983-06,
Mark Isham,US,Person,American musician and score composer,1951-09-07,
Marlow Rosado y La Riqueña,US,Group,,,
Mavis Staples,US,Person,,1939-07-10,
Maurizio Pollini,IT,Person,pianist,1942-01-05,2024-03-23
Meek Mill,US,Person,,1987-05-06,
Matthias Goerne,DE,Person,baritone,1967-03-31,
Matt Redman,GB,Person,English Christian singer-songwriter,1974-02-14,
Mastodon,US,Group,American heavy metal band,1999,
Mark Ronson,GB,Person,British DJ and producer,1975-09-04,
Maya Angelou,US,Person,,1928-04-04,2014-05-28
Mason Proffit,US,Group,,1969,1973
McCoy Tyner Big Band,,Group,,,
Mark Guiliana,US,Person,,1980-09-02,
Marty Stuart,US,Person,,1958-09-30,
Michael Brecker Quindectet,,Group,,,
Merle Haggard,US,Person,"US country singer, guitarist, fiddler & songwriter",1937-04-06,2016-04-06
Metallica,US,Group,,1981-10-28,
Michael Giacchino,US,Person,American score composer,1967-10-10,
Mike Oldfield,GB,Person,,1953-05-15,
Michel Legrand,FR,Person,,1932-02-24,2019-01-26
Miguel Zenón,US,Person,,1976-12-30,
Melissa Etheridge,US,Person,,1961-05-29,
Men at Work,AU,Group,Australian rock band,1979,1985
Michael Jackson,US,Person,“King of Pop”,1958-08-29,2009-06-25
Metropolitan Opera Orchestra,,Orchestra,,1883,
Michael Bublé,CA,Person,,1975-09-09,
Melissa Manchester,US,Person,,1951-02-15,
Michael Kamen,US,Person,American score composer,1948-04-15,2003-11-18
Michael Tilson Thomas,US,Person,conductor and pianist,1944-12-21,
Mighty Clouds of Joy,US,Group,,1960,
Michael Bolton,US,Person,,1953-02-26,
Michael W. Smith,US,Person,Christian pop-rock singer,1957-10-07,
Miho Hazama,,Person,composer/arranger,1986-11-13,
Michael Nesmith,US,Person,,1942-12-30,2021-12-10
Michelle Obama,,Person,former First Lady of the United States,1964-01-17,
Michael Brecker,US,Person,"American jazz saxophonist, multi-instrumentalist and composer",1949-03-29,2007-01-13
Michael Hedges,US,Person,American acoustic guitarist and songwriter,1953-12-31,1997-12-02
Mickey Hart,US,Person,drummer for The Grateful Dead,1943-09-11,
Mercer Ellington,US,Person,,1919-03-11,1996-02-08
The Nat King Cole Trio,US,Group,,1937,1950
Miles Davis Quintet,US,Group,"US jazz group, active 1955–58 and 1964–68",1955,1968
Nat King Cole,US,Person,,1919-03-17,1965-02-15
Muddy Waters,US,Person,blues musician,1913-04-04,1983-04-30
Miles Davis,US,Person,"jazz trumpeter, bandleader, songwriter",1926-05-26,1991-09-28
Motörhead,GB,Group,,1975-06,2015-12-28
Miley Cyrus,US,Person,,1992-11-23,
Mongo Santamaría,CU,Person,Cuban jazz percussionist,1922-04-07,2003-02-01
Naughty by Nature,US,Group,,1989,
Nanci Griffith,US,Person,,1953-07-06,2021-08-13
Mylon LeFevre & Broken Heart,,Group,,1981,
Milton Nascimento,BR,Person,,1942-10-26,
Narada Michael Walden,US,Person,,1952-04-23,
Missy Elliott,US,Person,"American rapper, singer, dancer & record producer",1971-07-01,
Mumford & Sons,GB,Group,,2007-12,
Murray Perahia,US,Person,pianist and conductor,1947-04-19,
National Philharmonic Orchestra,GB,Orchestra,"fka the London Promenade Orchestra until 1971, mostly film music and opera",1971,
Natalia Lafourcade,MX,Person,,1984-02-26,
Natalie Cole,US,Person,,1950-02-06,2015-12-31
Muse,GB,Group,UK rock band,1994,
Nancy Wilson,US,Person,jazz/blues/soul singer,1937-02-20,2018-12-13
Miranda Lambert,US,Person,,1983-11-10,
Morton Gould,US,Person,composer and conductor,1913-12-10,1996-02-21
Morgan Heritage,JM,Group,,1994,
Nathan Milstein,US,Person,violinist,1904-01-13,1992-12-21
Nelly Furtado,CA,Person,,1978-12-02,
Nine Inch Nails,US,Group,,1988,
Nitty Gritty Dirt Band,US,Group,United States country rock,1966,
Nirvana,US,Group,1980s–1990s US grunge band,1987,1994-04-05
Neil Young,CA,Person,"Canadian singer, songwriter & musician",1945-11-12,
Nino Rota,IT,Person,composer,1911-12-03,1979-04-10
Norah Jones,US,Person,,1979-03-30,
New York Philharmonic,US,Orchestra,,1842,
Neil Diamond,US,Person,,1941-01-24,
Sir Neville Marriner,GB,Person,conductor,1924-04-15,2016-10-02
Old Crow Medicine Show,US,Group,,1998,
Ne‐Yo,US,Person,,1979-10-18,
Ohio Players,US,Group,,1959,1997
Olga Tañón,PR,Person,,1967-04-13,
The Norman Luboff Choir,US,Choir,,,
No Doubt,US,Group,American rock band,1986-12,
Neal Hefti,US,Person,,1922-10-29,2008-10-11
Nelson Riddle,US,Person,,1921-06-01,1985-10-06
Nickel Creek,US,Group,bluegrass,1989,
OK Go,US,Group,,1998,
Nine Inch Nails,,,mashup artist seed9 / Atticrent Reznoss,,
New Philharmonia Orchestra of London,,Group,bogus name used on budget releases,,
New York City Opera Orchestra,,Orchestra,,1943,
Nelly,US,Person,US rapper,1974-11-02,
The Neville Brothers,US,Group,,1977,
The Oscar Peterson Trio,US,Group,,1946,
Ozzy Osbourne,,Person,,1948-12-03,
Olivier Messiaen,FR,Person,composer and organist,1908-12-10,1992-04-27
Otis Redding,US,Person,,1941-09-09,1967-12-10
Olivia Newton‐John,AU,Person,"British‐Australian singer, actress and activist",1948-09-26,2022-08-08
Oscar Peterson,CA,Person,Canadian jazz pianist and composer,1925-08-15,2007-12-23
OutKast,US,Group,,1991,
Otis Rush,US,Person,,1934-04-29,2018-09-29
Osvaldo Golijov,AR,Person,composer,1960-12-05,
"Orchestra of the Royal Opera House, Covent Garden",GB,Orchestra,,1946,
Orson Welles,US,Person,,1915-05-06,1985-10-10
Orchestra del Maggio Musicale Fiorentino,IT,Orchestra,,1928,
Our Native Daughters,,Group,"groups comprised of Rhiannon Giddens, Leyla McCalla, Allison Russell and Amythyst Kiah",2018,
Ozomatli,US,Group,,1996,
Omar Akram,US,Person,,1964-11-23,
PJ Morton,US,Person,,1981-03-29,
Pacific Mambo Orchestra,,Group,,,
How To Succeed In Business Without Really Trying (Original Broadway Cast Recording) Orchestra,,Orchestra,,,
How To Succeed In Business Without Really Trying (Original Broadway Cast Recording) Company,,,,,
PUBLIQuartet,US,Group,,2010,
Opium Moon,US,Group,,2018,
Quatuor Olivier Messiaen,FR,Group,,,
Original Cast,,,this is a real artist. DO NOT USE for musical soundtracks!,,
Original Cast,,,"electronic music, not musicals",,
Otis Redding III,US,Person,,1963-12-17,2023-04-18
Pat Metheny Group,US,Group,,1978,
Pearl Jam,US,Group,,1990,
Paul Winter Consort,US,Group,,1967,
Paul McCartney,GB,Person,The Beatles,1942-06-18,
Perry Como,US,Person,"US pop singer & TV personality, 1912–2001",1912-05-18,2001-05-12
Pat Benatar,US,Person,,1953-01-10,
Pete Seeger,US,Person,,1919-05-03,2014-01-27
Peggy Lee,US,Person,jazz vocalist,1920-05-26,2002-01-21
Patti Page,US,Person,,1927-11-08,2013-01-01
Pat Metheny,US,Person,,1954-08-12,
Patti LaBelle,US,Person,,1944-05-24,
Patton Oswalt,US,Person,,1969-01-27,
Peter Frampton,GB,Person,,1950-04-22,
Patty Loveless,US,Person,,1957-01-04,
Percy Faith & His Orchestra,,Group,,,
Paula Abdul,US,Person,American singer,1962-06-19,
Paul Simon,US,Person,of Simon & Garfunkel,1941-10-13,
Paramore,US,Group,American pop rock band,2004,
Patti Austin,US,Person,,1950-08-10,
Patty Griffin,US,Person,,1964-03-16,
Patricia Barber,US,Person,,1955-11-08,
Pepe Aguilar,US,Person,,1968-08-07,
Patricia Kopatchinskaja,MD,Person,violinist,1977-03,
Paul Avgerinos,US,Person,,1957-11-21,
Paula Cole,US,Person,,1968-04-05,
Pink Floyd,,Group,,1965,2014
Petula Clark,GB,Person,English singer & actress,1932-11-15,
Plácido Domingo,ES,Person,tenor,1941-01-21,
Phil Woods Quartet,,Group,,,
Porter Wagoner,US,Person,,1927-08-12,2007-10-28
Professor Longhair,US,Person,,1918-12-19,1980-01-30
Pierre Boulez,FR,Person,composer and conductor,1925-03-26,2016-01-05
Public Enemy,US,Group,US rap group,1985,
Pharrell Williams,US,Person,,1973-04-05,
Philharmonia Orchestra,,Orchestra,"London orchestra, known as New Philharmonia Orchestra from 1964–1976",1945-10,
Prince,US,Person,“The Artist Formerly Known as…”,1958-06-07,2016-04-21
Phil Collins,GB,Person,of Genesis,1951-01-30,
Peter Gabriel,GB,Person,formerly of Genesis,1950-02-13,
Peter Tosh,JM,Person,,1944-10-19,1987-09-11
Pittsburgh Symphony Orchestra,US,Orchestra,,1895,
Phil Woods,US,Person,US jazz woodwind player,1931-11-02,2015-09-29
Pistol Annies,US,Group,,2011-04-04,
Peter Kater,US,Person,New Age pianist and composer,1958-05-28,
"Peter, Paul and Mary",US,Group,,1961,2009
Portugal. The Man,US,Group,,2004,
Poncho Sanchez,US,Person,,1951-10-30,
The Philadelphia Orchestra,US,Orchestra,,1900,
Pitbull,US,Person,American rapper,1981-01-15,
Nick Phoenix,GB,Person,"composer, “Two Steps From Hell” co‐founder",1967,
Peter Schickele,US,Person,composer,1935-07-17,2024-01-16
Ramin Djawadi,DE,Person,Iranian‐German score composer,1974-07-19,
The Ramsey Lewis Trio,US,Group,,1956,
Reba McEntire,US,Person,,1955-03-28,
Radiohead,GB,Group,,1991,
Rage Against the Machine,US,Group,,1991-08,2024-01
Rascal Flatts,US,Group,,1999,2021
Ray Charles,US,Person,"soul musician, singer and songwriter",1930-09-23,2004-06-10
R.E.M.,US,Group,American rock band,1980-04-05,2011-09-21
Ravi Shankar,IN,Person,,1920-04-07,2012-12-11
Quincy Jones,US,Person,,1933-03-14,2024-11-03
Randy Newman,US,Person,American singer‐songwriter and score composer,1943-11-28,
Ramblin’ Jack Elliott,US,Person,,1931-08-01,
Ranky Tanky,,Group,"quintet based in Charleston, South Carolina, United States",,
Queen Latifah,US,Person,,1970-03-18,
R. Kelly,US,Person,,1967-01-08,
Radu Lupu,RO,Person,Romanian concert pianist,1945-11-30,2022-04-17
Ramsey Lewis,US,Person,,1935-05-27,2022-09-12
Ralph Stanley,US,Person,,1927-02-25,2016-06-23
Randy Travis,US,Person,,1959-05-04,
Ray LaMontagne & The Pariah Dogs,US,Group,,2010,
Randy Brecker,US,Person,,1945-11-27,
Ray Parker Jr.,US,Person,,1954-05-01,
Ray Price,US,Person,"American country music singer, songwriter, and guitarist",1926-01-12,2013-12-16
Ray Stevens,US,Person,US singer‐songwriter & comedian,1939-01-24,
The Ray Conniff Singers,US,Group,,,
Ricky Skaggs and Kentucky Thunder,US,Group,,,
Red Hot Chili Peppers,US,Group,,1983,
Ricky Skaggs and The Whites,,,,,
Robert Palmer,GB,Person,English singer‐songwriter,1949-01-19,2003-09-26
Robert Plant & Alison Krauss,,Group,,,
Robert Glasper Experiment,US,Group,,2007,
Rihanna,US,Person,Barbadian R&B/pop singer,1988-02-20,
Robert Goulet,US,Person,,1933-11-26,2007-10-30
Robert Johnson,US,Person,1930s blues legend,1911-05-08,1938-08-16
Rick Springfield,AU,Person,,1949-08-23,
Rickie Lee Jones,US,Person,,1954-11-08,
Ricky Skaggs,US,Person,,1954-07-18,
Ricardo Montaner,VE,Person,,1957-09-08,
Rob McConnell & The Boss Brass,CA,Group,,1968,1999
Robert Schumann,DE,Person,German classical composer,1810-06-08,1856-07-29
Riders in the Sky,US,Group,,1977,
Ricky Martin,PR,Person,"Puerto Rican singer, actor, author & king of latin pop",1971-12-24,
Rebecca St. James,US,Person,,1977-07-26,
Rebirth Brass Band,US,Group,,1983,
Richard Pryor,US,Person,,1940-12-01,2005-12-10
Rival Sons,US,Group,,2008,
Reckless Kelly,US,Group,,1996-02,
Red Hot Chili Peppers Revival,,Group,"Brno, Czechia Cover Band",2005-11-30,
Rhonda Vincent and The Rage,US,Group,,,
Robert Johnson,,Person,English renaissance composer,1583,1633-11-26
Robert Shaw Chorale,US,Choir,,1948,1965
Roy Orbison,US,Person,,1936-04-23,1988-12-06
Rod McKuen,US,Person,,1933-04-29,2015-01-29
Rod Stewart,GB,Person,,1945-01-10,
Ronnie Milsap,US,Person,,1943-01-16,
Roberta Flack,US,Person,,1937-02-10,2025-02-24
Roger Waters,GB,Person,,1943-09-06,
Rodney Crowell,US,Person,,1950-08-07,
Rosanne Cash,US,Person,,1955-05-24,
Rodrigo y Gabriela,MX,Group,,2000,
Rubén Blades,PA,Person,,1948-07-16,
Roberto Carlos,BR,Person,"Brazilian singer-songwriter, ""King of Latin Music""",1941-04-19,
Roger Miller,US,Person,"US singer/songwriter/actor, “King of the Road”",1936-01-02,1992-10-25
Robert Randolph & The Family Band,US,Group,,2001,
Rodney Dangerfield,US,Person,,1921-11-22,2004-10-05
Rockin’ Sidney,US,Person,,1938-04-09,1998-02-25
Roy Clark,US,Person,American singer and musician,1933-04-15,2018-11-15
Robert Shaw,US,Person,conductor,1916-04-30,1999-01-25
Rome Opera Orchestra,,Orchestra,fake ? Alfred Scholz related ?,,
Robin Williams,US,Person,US actor & comedian,1951-07-21,2014-08-11
The Men of the Robert Shaw Chorale,US,Group,,1948,1965
Robert Spano,US,Person,conductor and pianist,1961-05-07,
Roberto Blades,,Person,,,
The Robert Shaw Chorale & Al Chernet,,Group,,,
Roger Miller,US,Person,co-founder of Mission of Burma,1952,
RÜFÜS DU SOL,AU,Group,"Australian band, fka RÜFÜS",2010-11-25,
Ry Cooder,US,Person,,1947-03-15,
Sarah Vaughan,US,Person,,1924-03-27,1990-04-03
Salt‐N‐Pepa,US,Group,,1985,
Sarah McLachlan,CA,Person,,1968-01-28,
Secret Agent 23 Skidoo,US,Person,,,
Sam Cooke,US,Person,,1931-01-22,1964-12-11
Sara Bareilles,US,Person,,1979-12-07,
Santana,US,Group,"US Latin, blues, & rock band",1966,
Samuel Barber,US,Person,"American orchestral, choral, opera & piano composer",1910-03-09,1981-01-23
Rufus Beck,DE,Person,,1957-07-23,
San Francisco Symphony,US,Orchestra,,1911,
Saint Louis Symphony Orchestra,US,Orchestra,,1880,
Sara Gazarek,US,Person,,1982-02-26,
Sam & Dave,US,Group,,1961,1981
Seattle Symphony,US,Orchestra,,1903,
Sade,GB,Group,group w/ singer of same performance name,1982,
Seal,GB,Person,English‐born singer and songwriter,1963-02-19,
Sebastián Yatra,CO,Person,,1994-10-15,
Ruth Brown,US,Person,,1928-01-30,2006-11-17
Russ Taff,US,Person,,1953-11-11,
Sebastian Plano,,Person,,1985,
Sarah Jarosz,US,Person,,1991-05-23,
Sam Smith,GB,Person,English singer‐songwriter,1992-05-19,
Sean Paul,JM,Person,Jamaican reggae/dancehall,1973-01-09,
Shania Twain,CA,Person,,1965-08-28,
Simon & Garfunkel,US,Group,,1963,1970
Sheryl Crow,US,Person,American singer-songwriter and musician,1962-02-11,
Shabba Ranks,JM,Person,,1966-01-17,
Sheena Easton,GB,Person,,1959-04-27,
Snarky Puppy,US,Group,,2004,
Smokie Norful,US,Person,,1975-10-31,
Shel Silverstein,US,Person,,1930-09-25,1999-05-10
Simply Red,GB,Group,English soul and pop band,1985,
Sir Mix‐A‐Lot,US,Person,,1963-08-12,
Slipknot,US,Group,US metal band,1995,
Sœur Sourire,BE,Person,Belgian singing nun Jeanine Deckers,1933-10-17,1985-03-29
Sly & Robbie,JM,Group,,1978,
Shawn Colvin,US,Person,,1956-01-10,
Shakira,CO,Person,Colombian singer,1977-02-02,
Slayer,US,Group,US thrash metal band,1981,2019-11-30
Sérgio Mendes,BR,Person,,1941-02-11,2024-09-05
Shelby Lynne,US,Person,,1968-10-22,
Smokey Robinson,US,Person,,1940-02-19,
Shirley Horn,US,Person,,1934-05-01,2005-10-20
Sharon Isbin,US,Person,classical guitarist,1956-08-07,
Si Zentner,US,Person,,1917-06-13,2000-01-31
Silver Convention,DE,Group,,1974,1979
Shaggy,JM,Person,"Orville Richard Burrell, dancehall and reggae singer",1968-10-22,
The Siegel‐Schwall Band,US,Group,,1964,
Stevie Ray Vaughan and Double Trouble,US,Group,,1978,1990
Stan Getz,US,Person,,1927-02-02,1991-06-06
Stevie Wonder,US,Person,,1950-05-13,
Steep Canyon Rangers,,Group,,2000,
Sonny Rollins,US,Person,,1930-09-07,
Steely Dan,,Group,,1972,
Stan Kenton,US,Person,,1911-12-15,1979-08-25
Soundgarden,US,Group,,1984,2017
Steve Winwood,GB,Person,,1948-05-12,
Solomon Burke,US,Person,,1940-03-21,2010-10-10
Steven Curtis Chapman,US,Person,,1962-11-21,
Stan Freberg,US,Person,,1926-08-07,2015-04-07
Soul Asylum,US,Group,,1983,
Steve Vai,US,Person,,1960-06-06,
Steve Earle,US,Person,US folk/rock singer/songwriter,1955-01-17,
Soul II Soul,GB,Group,,1988,
Soweto Gospel Choir,ZA,Choir,,2002-11,
Steve Lacy,US,Person,jazz saxophonist and composer 1934–2004,1934-07-23,2004-06-04
Steve Wariner,US,Person,American country music singer,1954-12-25,
Starland Vocal Band,US,Group,,1976,1981
Steve Reich,US,Person,American composer,1936-10-03,
Steel Pulse,GB,Group,,1975,
Stephanie Mills,US,Person,,1957-03-22,
Spanish Harlem Orchestra,US,Group,,2000,
St. Vincent,US,Person,American musician,1982-09-28,
Tasha Cobbs Leonard,US,Person,,1981-07-07,
Symphonieorchester des Bayerischen Rundfunks,DE,Orchestra,,1949,
Tennessee Ernie Ford,US,Person,,1919-02-13,1991-10-17
Tammy Wynette,US,Person,,1942-05-05,1998-04-06
Taj Mahal & the Phantom Blues Band,US,Group,,,
Taylor Swift,US,Person,,1989-12-13,
Taj Mahal,US,Person,US blues musician,1942-05-17,
Talking Heads,US,Group,,1974,1991-12
Stone Temple Pilots,US,Group,,1990,
Tedeschi Trucks Band,US,Group,,2010,
T‐Bone Walker,US,Person,"US blues musician & songwriter, 1910–1975",1910-05-28,1975-03-16
System of a Down,US,Group,,1994,
Sting,,Person,"singer, songwriter & member of The Police",1951-10-02,
Suzanne Vega,US,Person,American singer-songwriter,1959-07-11,
Tanya Tucker,US,Person,,1958-10-10,
Terence Blanchard,US,Person,American trumpeter and score composer,1962-03-13,
Tenacious D,US,Group,American comedy rock duo,1994,
Supertramp,GB,Group,,1969,
Sugaray Rayford,US,Person,,1969-02-13,
Terrance Simien & The Zydeco Experience,US,Group,,,
Switchfoot,US,Group,,1997,
T-Bone Burnett,US,Person,"musician, songwriter and producer",1948-01-14,
Sturgill Simpson,US,Person,American country singer and actor,1978-06-08,
Taron Egerton,GB,Person,,1989-11-10,
TLC,US,Group,US pop/R&B trio,1991,
The Beatles,GB,Group,"UK rock band, “The Fab Four”",1960,1970-04-10
The Beach Boys,US,Group,American rock band,1961,
The Allman Brothers Band,US,Group,,1969-03-26,2014-10-28
The Flaming Lips,US,Group,,1983,
The Alan Parsons Project,GB,Group,,1975,1987
The Doobie Brothers,US,Group,,1970,
The Cranberries,IE,Group,,1989,2019-04-26
Terri Lyne Carrington,US,Person,,1965-08-04,
The Blind Boys of Alabama,US,Group,,1939,
The Chemical Brothers,GB,Group,British electronic music duo,1989,
The Clash,GB,Group,70s–80s British punk rock band,1976,1986
The Brian Setzer Orchestra,US,Group,,1990,
The Charlie Daniels Band,US,Group,,1972,2020-07-06
Terry Allen & The Panhandle Mystery Band,US,Group,,,
The Chieftains,IE,Group,,1962,
The Del McCoury Band,US,Group,,1967,
The Black Keys,US,Group,,2001,
The Chipmunks,US,Group,,1958,
The Civil Wars,US,Group,,2009,2014-08-05
The Delfonics,US,Group,,1965,
The Derek Trucks Band,US,Group,,1994,
The Cleveland Orchestra,US,Orchestra,,1918,
The 1975,GB,Group,,2002,
Texas Tornados,US,Group,US Tejano supergroup,1989,
The Earls of Leicester,US,Group,,2013,
The Rolling Stones,GB,Group,,1962,
The Smashing Pumpkins,US,Group,,1988,
The Oak Ridge Boys,US,Group,,1945,
The Okee Dokee Brothers,,Group,,2005,
The Temptations,US,Group,Motown soul vocal group,1960,
The Pointer Sisters,US,Group,,1969,
The Manhattan Transfer,US,Group,,1969,2023-12
The Oscar Peterson Trio,US,Group,,1946,
The New Christy Minstrels,US,Group,,1961,
The Statler Brothers,US,Group,,1955,2002
The Kingston Trio,US,Group,,1957,1967
The Mars Volta,US,Group,,2001,
The Monks of Sherab Ling Monastery,,Group,,,
The Police,GB,Group,British rock band,1977,2008
The Infamous Stringdusters,US,Group,,2006,
The Kentucky Headhunters,US,Group,,1968,
The Robert Cray Band,US,Group,,1974,
The Raconteurs,US,Group,in Australia known as The Saboteurs,2005,
The Judds,US,Group,,1979,1991
The Nashville Bluegrass Band,US,Group,,1984,
The Muddy Basin Ramblers,,,,,
The Mavericks,US,Group,American country music band,1989,
The National,US,Group,,1999,
The Klezmatics,,Group,,1986,
The Po' Ramblin' Boys,US,Group,,2014,
They Might Be Giants,US,Group,,1982,
tobyMac,US,Person,Christian rapper Toby McKeehan,1964-10-22,
Tito Puente and His Latin Ensemble,,Group,,,
Thelonious Monk,US,Person,,1917-10-10,1982-02-17
Tito Puente,US,Person,,1923-04-20,2000-06-01
The White Stripes,US,Group,,1997-07-14,2011-02-02
Tina Turner,CH,Person,,1939-11-26,2023-05-24
The Weeknd,CA,Person,Canadian R&B singer,1990-02-16,
Thom Yorke,,Person,,1968-10-07,
Tom Jones,,Person,Welsh pop singer,1940-06-07,
Thelma Houston,US,Person,,1946-05-07,
Thomas Newman,US,Person,American score composer,1955-10-20,
Them Crooked Vultures,US,Group,,2009,2010
Tim McGraw,US,Person,"American country music singer, songwriter and actor",1967-05-01,
Ike & Tina Turner,,Group,US rock & soul duo,1960,1976
Tom Petty,US,Person,,1950-10-20,2017-10-02
The War on Drugs,US,Group,,2005,
Third World,JM,Group,Jamaican reggae fusion band,1973,
Third Coast Percussion,,Group,,2005,
Tia Carrere,US,Person,,1967-01-02,
Tom Petty and the Heartbreakers,US,Group,,1976,2017-10-02
Thomas Rhett,US,Person,American country music singer and songwriter,1990-03-30,
Thomas Dybdahl,NO,Person,Norwegian singer-songwriter,1979-04-12,
The Travelin’ McCourys,US,Group,,2009,
Tinariwen,ML,Group,,1982,
U2,IE,Group,Irish rock band,1976,
Tom Petty and the Heartbreakers,US,Group,,1976,2017-10-02
Toots & The Maytals,JM,Group,,1963,
Tom Waits,US,Person,,1949-12-07,
Traveling Wilburys,US,Group,,1988,1990
twenty one pilots,US,Group,,2009,
Van Halen,US,Group,American hard rock band,1972,2019-09-30
Trisha Yearwood,US,Person,,1964-09-19,
Tony Bennett,US,Person,US jazz/standards vocalist,1926-08-03,2023-07-21
Toni Braxton,US,Person,,1967-10-07,
Toto,US,Group,US rock group,1977,
Vampire Weekend,US,Group,,2006-02-06,
Tove Lo,SE,Person,,1987-10-29,
Tool,US,Group,American rock band,1990,
Tracy Chapman,US,Person,American singer‐songwriter,1964-03-30,
Tom T. Hall,US,Person,,1936-05-25,2021-08-20
"Tyler, The Creator",US,Person,,1991-03-06,
Tye Tribbett,US,Person,,1976-01-26,
Tramaine Hawkins,US,Person,,1951-10-11,
Usher,US,Person,American R&B singer‐songwriter,1978-10-14,
Truls Mørk,NO,Person,Norwegian cellist,1961-04-25,
Tori Kelly,US,Person,,1992-12-14,
Tyler Childers,US,Person,,1991-06-21,
Train,US,Group,US pop rock band,1994,
Toto Cutugno,IT,Person,,1943-07-07,2023-08-22
Various Artists,,Other,add compilations to this artist,,
Wayne Shorter Quartet,US,Group,,,
“Weird Al” Yankovic,US,Person,,1959-10-23,
Vicente Fernández,MX,Person,Mexican singer,1940-02-17,2021-12-12
Wilco,US,Group,American alternative rock band,1994,
Vladimir Ashkenazy,IS,Person,Russian-Icelandic conductor and pianist,1937-07-06,
Whitney Houston,US,Person,,1963-08-09,2012-02-11
Warren Zevon,US,Person,,1947-01-24,2003-09-07
Weather Report,US,Group,,1971,1986
Waylon Jennings & Willie Nelson,US,Group,,,
Wes Montgomery,US,Person,,1923-03-06,1968-06-15
Vladimir Horowitz,US,Person,Ukrainian-American pianist and composer,1903-09-18,1989-11-05
Vince Guaraldi Trio,US,Group,,,
Weezer,US,Group,American rock band,1992-02-14,
Wayne Shorter,US,Person,US jazz saxophonist and composer,1933-08-25,2023-03-02
Vikki Carr,US,Person,,1941-07-19,
Vince Gill,US,Person,,1957-04-12,
Velvet Revolver,US,Group,,2002,2008
Whoopi Goldberg,US,Person,,1955-11-13,
Vaughn Meader,US,Person,,1936-03-20,2004-10-29
Vancouver Symphony Orchestra,CA,Orchestra,,1930,
Walter Ostanek & His Band,,Group,,,
Various Artists,GB,Group,UK band from Bristol,,
Various Artists,DE,Person,"German techno producer Torsten Pröfrock, DO NOT add compilations",,
Walter Afanasieff,US,Person,,1958-02-10,
Woody Herman and His Orchestra,US,Orchestra,,,
Wynton Marsalis,US,Person,,1961-10-18,
Witold Lutosławski,PL,Person,composer,1913-01-25,1994-02-07
Yusef Lateef,US,Person,,1920-10-09,2013-12-23
Willie Nelson,US,Person,,1933-04-30,
Woody Guthrie,US,Person,American singer-songwriter,1912-07-14,1967-10-03
Yo‐Yo Ma,FR,Person,cellist,1955-10-07,
Woody Herman,US,Person,,1913-05-16,1987-10-29
Yes,GB,Group,British progressive rock band,1968,
Willy Chirino,US,Person,,1947-04-05,
Willie Dixon,US,Person,,1915-07-01,1992-01-29
Wolfmother,AU,Group,,2003,
William Bolcom,US,Person,composer,1938-05-26,
Zac Brown Band,US,Group,US country music band,2000,
Yolanda Adams,US,Person,,1961-08-27,
Wynton Marsalis Septet,US,Group,,,
Yellowjackets,US,Group,,1981,
William Bell,US,Person,,1939-07-16,
Will Smith,US,Person,US actor aka The Fresh Prince,1968-09-25,
Wynton Marsalis Quartet,,Group,,,
Young the Giant,US,Group,,2004,
YACHT,,Group,electronic project with Jona Bechtolt,2002,
Young MC,US,Person,,1967-05-10,
Yusef Lateef Quintet,,Group,,,
Zach Williams,US,Person,US Christian rock,1978-06-27,
Ziggy Marley & The Melody Makers,US,Group,Jamaican reggae family group,1986,2000
[no artist],,Other,Special Purpose Artist,,
k.d. lang,CA,Person,,1961-11-02,
Zdeněk Mácal,CZ,Person,conductor,1936-01-08,2023-10-25
Ziggy Marley,JM,Person,,1968-10-17,
dc Talk,US,Group,,1987,2001
for KING & COUNTRY,US,Group,Christian Pop Duo,2007,
Zoé,MX,Group,Mexican rock band,1997,
Zoë Johnston,GB,Person,,1976,
iLe,PR,Person,,1989-04-28,
Zoë Blade,,Person,,1981-01-13,
Gorilla Zoe,US,Person,,1983-01-26,
Post-artist,,,net musician,,
Unknown Artist,,,drum and bass; has song “Mashup Style (Amen edit)”,,
k.d. lang and The Reclines,CA,Group,,,
Wandering Artist,IT,Person,Brony/VGM composer,,
Ilê Aiyê,BR,Group,,1974,
Ile Kallio,FI,Person,,1955-11-18,
Zoë,GB,Person,"Zoë Pollock - ""Sunshine on a Rainy Day""",1969-01-19,
Zoe Boekbinder,US,Person,,1985,
Layla Zoe,CA,Person,,,
ZOË,AT,Person,"Zoë Straub, known professionally as Zoë, stylized as ZOË",1996-12-01,
The zoe group,,Group,Christian Acapella,1995,
[Unknown Artist],,Other,"Not the same artist, they just have the same name.",,
Zoe,DE,Person,German reggae artist,1975-01-22,
